categorie_olist,categorie_rakuten,justification
agro_industria_e_comercio,inconnu,Aucune correspondance Rakuten suffisamment défendable
alimentos,1940,Produits alimentaires
alimentos_bebidas,1940,Produits alimentaires et boissons
artes,inconnu,Aucune correspondance suffisamment précise
artes_e_artesanato,inconnu,Aucune correspondance suffisamment précise
artigos_de_festas,inconnu,Aucune correspondance suffisamment précise
artigos_de_natal,inconnu,Aucune correspondance suffisamment précise
audio,inconnu,Aucune catégorie Rakuten audio correspondante
automotivo,inconnu,Aucune catégorie Rakuten automobile correspondante
bebes,inconnu,La catégorie Rakuten 1301 mélange bébé avec d'autres produits et ne permet pas une correspondance suffisamment précise
bebidas,1940,Produits alimentaires et boissons
beleza_saude,inconnu,Aucune catégorie Rakuten suffisamment compatible
brinquedos,1280,Jouets peluches poupées et produits similaires
cama_mesa_banho,1920,Linge de maison
casa_conforto,inconnu,Catégorie trop générale pour une correspondance défendable
casa_conforto_2,inconnu,Catégorie trop générale pour une correspondance défendable
casa_construcao,inconnu,Aucune catégorie Rakuten construction correspondante
cds_dvds_musicais,inconnu,Aucune catégorie Rakuten suffisamment compatible
cine_foto,inconnu,Aucune catégorie Rakuten photo/cinéma correspondante
climatizacao,inconnu,Aucune catégorie Rakuten climatisation correspondante
consoles_games,2462,Consoles et jeux vidéo
construcao_ferramentas_construcao,inconnu,Aucune catégorie Rakuten construction correspondante
construcao_ferramentas_ferramentas,inconnu,Aucune catégorie Rakuten outillage général suffisamment précise
construcao_ferramentas_iluminacao,2060,Lampes et éclairage
construcao_ferramentas_jardim,2585,Outillage et accessoires de jardinage
construcao_ferramentas_seguranca,inconnu,Aucune catégorie Rakuten sécurité suffisamment compatible
cool_stuff,inconnu,Catégorie Olist trop générale pour une correspondance défendable
dvds_blu_ray,inconnu,Aucune catégorie Rakuten suffisamment compatible
eletrodomesticos,inconnu,Aucune catégorie Rakuten électroménager correspondante
eletrodomesticos_2,inconnu,Aucune catégorie Rakuten électroménager correspondante
eletronicos,inconnu,Catégorie trop générale et aucune catégorie Rakuten électronique générale
eletroportateis,inconnu,Aucune catégorie Rakuten suffisamment compatible
esporte_lazer,inconnu,Catégorie trop large pour une correspondance défendable
fashion_bolsas_e_acessorios,1320,Sacs et accessoires
fashion_calcados,inconnu,Aucune catégorie Rakuten chaussures correspondante
fashion_esporte,inconnu,Aucune catégorie Rakuten vêtements de sport correspondante
fashion_roupa_feminina,inconnu,Aucune catégorie Rakuten vêtements correspondante
fashion_roupa_infanto_juvenil,inconnu,Aucune catégorie Rakuten vêtements enfants correspondante
fashion_roupa_masculina,inconnu,Aucune catégorie Rakuten vêtements correspondante
fashion_underwear_e_moda_praia,inconnu,Aucune catégorie Rakuten suffisamment compatible
ferramentas_jardim,2585,Outillage et accessoires de jardinage
flores,inconnu,Aucune catégorie Rakuten fleurs correspondante
fraldas_higiene,inconnu,Aucune catégorie Rakuten suffisamment compatible
inconnu,inconnu,Catégorie Olist déjà inconnue
industria_comercio_e_negocios,inconnu,Aucune catégorie Rakuten suffisamment compatible
informatica_acessorios,inconnu,Aucune catégorie Rakuten informatique correspondante
instrumentos_musicais,inconnu,Aucune catégorie Rakuten instruments de musique correspondante
la_cuisine,inconnu,Aucune catégorie Rakuten cuisine suffisamment précise
livros_importados,10,Livres
livros_interesse_geral,10,Livres
livros_tecnicos,10,Livres
malas_acessorios,inconnu,Aucune catégorie Rakuten suffisamment compatible
market_place,inconnu,Catégorie trop générale
moveis_colchao_e_estofado,1560,Mobilier et produits de décoration rangement maison
moveis_cozinha_area_de_servico_jantar_e_jardim,1560,Mobilier et produits de décoration rangement maison
moveis_decoracao,1560,Mobilier et décoration maison
moveis_escritorio,1560,Mobilier et rangement maison
moveis_quarto,1560,Mobilier maison
moveis_sala,1560,Mobilier maison
musica,inconnu,Aucune catégorie Rakuten musique suffisamment compatible
papelaria,2522,Produits de papeterie et rangement bureau
pc_gamer,inconnu,Aucune catégorie Rakuten suffisamment précise pour PC gamer
pcs,inconnu,Aucune catégorie Rakuten informatique correspondante
perfumaria,inconnu,Aucune catégorie Rakuten parfumerie correspondante
pet_shop,2220,Produits pour animaux
portateis_casa_forno_e_cafe,inconnu,Aucune catégorie Rakuten suffisamment compatible
portateis_cozinha_e_preparadores_de_alimentos,inconnu,Aucune catégorie Rakuten suffisamment compatible
relogios_presentes,inconnu,Aucune catégorie Rakuten suffisamment compatible
seguros_e_servicos,inconnu,Aucune catégorie Rakuten services correspondante
sinalizacao_e_seguranca,inconnu,Aucune catégorie Rakuten suffisamment compatible
tablets_impressao_imagem,inconnu,Aucune catégorie Rakuten suffisamment compatible
telefonia,inconnu,Aucune catégorie Rakuten téléphonie correspondante
telefonia_fixa,inconnu,Aucune catégorie Rakuten téléphonie correspondante
utilidades_domesticas,inconnu,Catégorie trop large pour une correspondance défendable
